{"cameraMode":{"drawMode":0,"name":"Shaded","section":"Shading Mode"},"sceneLighting":false,"audioPlay":false,"sceneViewState":{"showFog":true,"showMaterialUpdate":true,"showSkybox":true,"showFlares":true,"showImageEffects":true,"showParticleSystems":true},"in2DMode":false,"pivot":{"x":14.39295768737793,"y":3.9002885818481447,"z":-6.79813814163208},"rotation":{"x":0.00004273877129890025,"y":0.9495922327041626,"z":0.0018004922894760967,"w":0.314442902803421},"size":4.688514709472656,"orthographic":false}